Kode,Nama
AADI,PT Adaro Andalan Indonesia Tbk
AALI,Astra Agro Lestari Tbk PT
ABMM,ABM Investama Tbk PT
ACES,Aspirasi Hidup Indonesia Tbk PT
ADCP,Adhi Commuter Properti Tbk PT
ADES,Akasha Wira International Tbk PT
ADMG,Polychem Indonesia Tbk PT
ADMR,PT Alamtri Minerals Indonesia Tbk
ADRO,Alamtri Resources Indonesia Tbk PT
AGAR,Asia Sejahtera Mina Tbk PT
AGII,Samator Indo Gas Tbk PT
AISA,FKS Food Sejahtera Tbk PT
AKPI,Argha Karya Prima Industry Tbk PT
AKRA,AKR Corporindo Tbk PT
AKSI,MINERAL SUMBERDAYA MANDIRI TBK PT
ALDO,Alkindo Naratama Tbk PT
ALKA,Alakasa Industrindo Tbk PT
AMAN,Makmur Berkah Amanda Tbk PT
AMFG,Asahimas Flat Glass Tbk PT
AMIN,Ateliers Mecaniques D'Indonesie Tbk PT
ANTM,Antam (Persero) Tbk PT
APII,Arita Prima Indonesia Tbk PT
APLI,Asiaplast Industries Tbk PT
APLN,Agung Podomoro Land Tbk PT
ARCI,Archi Indonesia Tbk PT
AREA,Dunia Virtual Online Tbk PT
ARII,Atlas Resources Tbk PT
ARNA,Arwana Citramulia Tbk PT
ASGR,Astra Graphia Tbk PT
ASHA,Cilacap Samudera Fishing Industry Tbk PT
ASLC,Autopedia Sukses Lestari Tbk PT
ASLI,Asri Karya Lestari Tbk PT
ASPI,Andalan Sakti Primaindo Tbk PT
ASPR,Asia Pramulia Tbk PT
ASRI,Alam Sutera Realty Tbk PT
ASSA,Adi Sarana Armada Tbk PT
ATAP,Trimitra Prawara Goldland Tbk PT
ATIC,Anabatic Technologies Tbk PT
ATLA,Atlantis Subsea Indonesia Tbk PT
AUTO,Astra Otoparts Tbk PT
AVIA,Avia Avian PT Tbk
AWAN,PT Era Digital Media Tbk
AXIO,Tera Data Indonusa Tbk PT
AYAM,JANU PUTRA SEJAHTERA Tbk PT
AYLS,Arkayana Lestari Grup Tbk PT
BABY,Multitrend Indo Tbk PT
BAIK,Bersama Mencapai Puncak Tbk PT
BALI,Bali Towerindo Sentra Tbk PT
BANK,Bank Aladin Syariah Tbk PT
BAPI,Bhakti Agung Propertindo Tbk PT
BATR,Benteng Api Technic PT Tbk
BAUT,Mitra Angkasa Sejahtera Tbk PT
BAYU,Bayu Buana Tbk PT
BBRM,Pelayaran Nasional Bina Buana Ray Tbk PT
BBSS,Bumi Benowo Sukses Sejahtera Tbk PT
BCIP,Bumi Citra Permai Tbk PT
BDKR,Berdikari Pondasi Perkasa Tbk PT
BELI,Global Digital Niaga Tbk PT
BELL,Trisula Textile Industries Tbk PT
BESS,Batulicin Nusantara Maritim Tbk PT
BEST,Bekasi Fajar Industrial Estate Tbk PT
BIKE,Sepeda Bersama Indonesia Tbk PT
BINO,Perma Plasindo Tbk PT
BIPP,Bhuwanatala Indah Permai Tbk PT
BIRD,Blue Bird Tbk PT
BISI,BISI International Tbk PT
BKDP,Bukit Darmo Property Tbk PT
BKSL,PT Sentul City Tbk
BLES,Superior Prima Sukses PT Tbk
BLOG,Trimitra Trans Persada Tbk PT
BLTA,Berlian Laju Tanker Tbk PT
BLTZ,Graha Layar Prima Tbk PT
BLUE,Berkah Prima Perkasa Tbk PT
BMHS,Bundamedik Tbk PT
BMSR,Bintang Mitra Semestaraya Tbk PT
BMTR,Global Mediacom Tbk PT
BOAT,Newport Marine Services PT Tbk
BOBA,Formosa Ingredient Factory Tbk PT
BOGA,PT Apollo Global Interactive Tbk
BOLT,Garuda Metalindo Tbk PT
BRAM,Indo Kordsa Tbk PT
BRIS,Pt Bank Syariah Indonesia Persero Tbk
BRMS,Bumi Resources Minerals Tbk PT
BRNA,Berlina Tbk PT
BRRC,Raja Roti Cemerlang Tbk PT
BSBK,PT Wulandari Bangun Laksana Tbk
BSDE,Bumi Serpong Damai Tbk PT
BSML,Bintang Samudera Mandiri Lines Tbk PT
BSSR,Baramulti Suksessarana Tbk PT
BTPS,Bank BTPN Syariah Tbk PT
BUAH,Segar Kumala Indonesia Tbk PT
BUDI,Budi Starch & Sweetener Tbk PT
BULL,Buana Lintas Lautan Tbk PT
BUMI,Bumi Resources Tbk PT
BWPT,Eagle High Plantations Tbk PT
BYAN,Bayan Resources Tbk PT
CAKK,Cahayaputra Asa Keramik Tbk PT
CAMP,Campina Ice Cream Industry Tbk PT
CANI,Capitol Nusantara Indonesia Tbk PT
CARE,Metro Healthcare Indonesia Tbk PT
CASS,Cahaya Aero Services Tbk PT
CCSI,Communication Cbl Sys Indisa Tbk PT
CEKA,Wilmar Cahaya Indonesia Tbk PT
CGAS,Citra Nusantara Gemilang Tbk PT
CHEK,Diastika Biotekindo Tbk PT
CHEM,Chemstar Indonesia Tbk PT
CINT,Chitose Internasional Tbk PT
CITA,Pt Cita Mineral Investindo Tbk
CITY,Natura City Developments Tbk PT
CLEO,Sariguna Primatirta Tbk PT
CLPI,Colorpak Indonesia Tbk PT
CMNP,Citra Marga Nusaphala Persada Tbk PT
CMPP,AirAsia Indonesia Tbk PT
CMRY,Cisarua Mountain Dairy Tbk PT
CNMA,Nusantara Sejahtera Raya Tbk PT
COAL,Black Diamond Resources Tbk PT
CPIN,Charoen Pokphand Indonesia Tbk PT
CPRO,Central Proteina Prima Tbk PT
CRSN,Carsurin Tbk PT
CSAP,Catur Sentosa Adiprana Tbk PT
CSIS,Cahayasakti Investindo Sukses Tbk PT
CSMI,Cipta Selera Murni Tbk PT
CSRA,Cisadane Sawit Raya Tbk PT
CTBN,Citra Tubindo Tbk PT
CTRA,Ciputra Development Tbk PT
CYBR,PT ITSEC Asia Tbk
DADA,Diamond Citra Propertindo Tbk PT
DATA,Remala Abadi Tbk PT
DAYA,Duta Intidaya Tbk PT
DCII,DCI Indonesia Tbk PT
DEFI,Danasupra Erapacific Tbk PT
DEPO,Caturkarda Depo Bangunan Tbk PT
DEWA,Darma Henwa Tbk PT
DEWI,PT Dewi SHRI Farmindo Tbk
DGIK,Nusa Konstruksi Enjiniring Tbk PT
DGNS,Diagnos Laboratorium Utama PT Tbk
DGWG,Delta Giri Wacana Tbk PT
DILD,Intiland Development Tbk PT
DIVA,Distribusi Voucher Nusantara Tbk PT
DKFT,Central Omega Resources Tbk PT
DMAS,Puradelta Lestari Tbk PT
DMMX,Digital Mediatama Maxima Tbk PT
DMND,DIAMOND FOOD INDONESIA Tbk PT
DOOH,Era Media Sejahtera Tbk PT
DOSS,Global Sukses Digital Tbk PT
DRMA,Dharma Polimetal Tbk PT
DSFI,Dharma Samudera Fishing Industris Tbk PT
DSNG,Dharma Satya Nusantara Tbk PT
DSSA,Dian Swastatika Sentosa Tbk PT
DUTI,Duta Pertiwi Tbk PT
DVLA,Darya-Varia Laboratoria Tbk PT
DWGL,Dwi Guna Laksana Tbk PT
DYAN,Dyandra Media International Tbk PT
EAST,Eastparc Hotel Tbk PT
ECII,Electronic City Indonesia Tbk PT
EKAD,Ekadharma International Tbk PT
ELIT,Data Sinergitama Jaya Tbk PT
ELPI,Pelayaran Nasional Ekalya Puramsr Tbk PT
ELSA,Elnusa Tbk PT
ELTY,Bakrieland Development Tbk PT
EMDE,Megapolitan Developments Tbk PT
ENAK,Champ Resto Indonesia Tbk PT
ENRG,Energi Mega Persada Tbk PT
EPAC,Megalestari Epack Sentosaraya Tbk PT
EPMT,Enseval Putera Megatrading Tbk PT
ERAA,PT Erajaya Swasembada Tbk
ERAL,Sinar Eka Selaras PT
ERTX,Eratex Djaja Tbk PT
ESIP,Sinergi Inti Plastindo Tbk PT
ESSA,ESSA Industries Indonesia Tbk PT
ESTA,Esta Multi Usaha Tbk PT
EXCL,XLSMART Telecom Sejahtera Tbk PT
FAST,Fast Food Indonesia Tbk PT
FASW,Fajar Surya Wisesa Tbk PT
FILM,MD Entertainment PT Tbk
FIRE,Alfa Energi Investama Tbk PT
FISH,FKS Multi Agro Tbk PT
FMII,Fortune Mate Indonesia Tbk PT
FOLK,Multi Garam Utama Tbk PT
FOOD,Sentra Food Indonesia Tbk PT
FORE,Fore Kopi Indonesia PT Tbk
FPNI,Lotte Chemical Titan Tbk PT
FWCT,Wijaya Cahaya Timber Tbk PT
GDST,Gunawan Dianjaya Steel Tbk PT
GDYR,Goodyear Indonesia Tbk PT
GEMA,Gema Grahasarana Tbk PT
GEMS,Golden Energy Mines Tbk PT
GGRP,Gunung Raja Paksi Tbk PT
GHON,Gihon Telekomunikasi Indonesia Tbk PT
GIAA,Garuda Indonesia (Persero) Tbk PT
GJTL,Gajah Tunggal Tbk PT
GLVA,Galva Technologies Tbk PT
GMTD,Gowa Makassar Tourism Development Tbk PT
GOLD,Visi Telekomunikasi Infrastruktur Tbk PT
GOLF,Pt Intra Golflink Resorts Tbk
GOOD,Garudafood Putra Putri Jaya Tbk PT
GPRA,Perdana Gapura Prima Tbk PT
GPSO,Geoprima Solusi Tbk PT
GRIA,PT Ingria Pratama Capitalindo Tbk
GRPH,Griptha Putra Persada Tbk PT
GTRA,Grahaprima Suksesmandiri Tbk PT
GULA,Aman Agrindo Tbk PT
GUNA,Gunanusa Eramandiri Tbk PT
GWSA,Greenwood Sejahtera Tbk PT
GZCO,PT Gozco Plantations Tbk
HADE,Himalaya Energi Perkasa Tbk PT
HAIS,Hasnur Internasional Shipping Tbk PT
HALO,Haloni Jane Tbk PT
HATM,Habco Trans Maritima Tbk PT
HDIT,Hensel Davest Indonesia Tbk PT
HEAL,Medikaloka Hermina Tbk PT
HELI,Jaya Trishindo Tbk PT
HERO,DFI Retail Nusantara Tbk Pt
HEXA,Hexindo Adiperkasa Tbk PT
HOKI,Buyung Poetra Sembada Tbk PT
HOMI,Grand House Mulia Tbk PT
HOPE,Harapan Duta Pertiwi Tbk PT
HRTA,Hartadinata Abadi Tbk PT
HRUM,Harum Energy Tbk PT
HYGN,Ecocare Indo Pasifik PT Tbk
IATA,PT MNC Energy Investments Tbk
IBST,Inti Bangun Sejahtera Tbk PT
ICBP,Indofood CBP Sukses Makmur Tbk PT
ICON,Pt Island Concepts Indonesia Tbk
IDPR,Indonesia Pondasi Raya Tbk PT
IFII,Indonesia Fibreboard Industry Tbk
IFSH,Ifishdeco Tbk PT
IGAR,Champion Pacific Indonesia Tbk PT
IIKP,Inti Agri Resources Tbk PT
IKAI,Intikeramik Alamasri Industri Tbk PT
IKAN,Era Mandiri Cemerlang Tbk PT
IKBI,Sumi Indo Kabel Tbk PT
IKPM,Ikapharmindo Putramas Tbk PT
IMPC,Impack Pratama Industri Tbk PT
INCI,Intanwijaya Internasional Tbk PT
INDF,Indofood Sukses Makmur Tbk PT
INDR,Indo-Rama Synthetics Tbk PT
INDS,Indospring Tbk PT
INDY,Indika Energy Tbk PT
INET,Sinergi Inti Andalan Prima Tbk PT
INKP,Indah Kiat Pulp & Paper Tbk PT
INPP,Indonesian Paradise Property Tbk PT
INTD,Inter Delta Tbk PT
INTP,Indocement Tunggal Prakarsa Tbk PT
IOTF,Sumber Sinergi Makmur PT Tbk
IPCM,Jasa Armada Indonesia Tbk PT
IPOL,Pt Indopoly Swakarsa Industry Tbk
IPTV,MNC Vision Networks Tbk PT
IRRA,Itama Ranoraya PT
IRSX,Aviana Sinar Abadi PT Tbk
ISAT,Indosat Tbk PT
ISSP,Steel Pipe Industry of Indonesia Tbk PT
ITMA,Sumber Energi Andalan Tbk PT
ITMG,Indo Tambangraya Megah Tbk PT
JARR,Jhonlin Agro Raya PT Tbk
JAST,Jasnita Telekomindo Tbk PT
JATI,Informasi Teknologi Indonesia Tbk PT
JAWA,Jaya Agra Wattie Tbk PT
JAYA,Armada Berjaya Trans Tbk PT
JECC,Jembo Cable Company Tbk PT
JGLE,Graha Andrasentra Propertindo Tbk PT
JIHD,Jakarta International Hotls & Dev Tbk PT
JKON,Jaya Konstruksi Manggala Pratama Tbk PT
JMAS,Asuransi Jiwa Syariah Js Mtr Abd Tbk PT
JPFA,Japfa Comfeed Indonesia Tbk PT
JRPT,Jaya Real Property Tbk PT
JSMR,Jasa Marga (Persero) Tbk PT
JTPE,Jasuindo Tiga Perkasa Tbk PT
KAQI,Jantra Grupo Indonesia PT Tbk
KARW,Meratus Jasa Prima Tbk PT
KBAG,Karya Bersama Anugerah Tbk PT
KBLI,KMI Wire and Cable Tbk PT
KBLM,Kabelindo Murni Tbk PT
KDSI,Kedawung Setia Industrial Tbk PT
KEEN,Kencana Energi Lestari Tbk PT
KEJU,Mulia Boga Raya Tbk PT
KETR,Ketrosden Triasmitra Tbk PT
KIAS,Keramika Indonesia Assosiasi Tbk PT
KICI,Kedaung Indah Can Tbk PT
KIJA,Kawasan Industri Jababeka Tbk PT
KINO,Kino Indonesia Tbk PT
KIOS,Kioson Komersial Indonesia Tbk PT
KJEN,Krida Jaringan Nusantara Tbk PT
KKES,Kusuma Kemindo Sentosa Tbk PT
KKGI,Resource Alam Indonesia Tbk PT
KLAS,Pelayaran Kurnia Lautan Semesta Tbk PT
KLBF,Kalbe Farma Tbk PT
KMDS,Kurniamitra Duta Sentosa Tbk PT
KOBX,Kobexindo Tractors Tbk PT
KOCI,Kokoh Exa Nusantara Tbk PT
KOIN,Kokoh Inti Arebama Tbk PT
KOKA,Koka Indonesia Tbk PT
KONI,Perdana Bangun Pusaka Tbk PT
KOPI,Mitra Energi Persada Tbk PT
KOTA,DMS Propertindo Tbk PT
KPIG,MNC Tourism Indonesia Pt Tbk
KREN,Quantum Clovera Investama Tbk PT
KUAS,Ace Oldfields Tbk
LABS,PT UBC Medical Indonesia Tbk
LAJU,PT Jasa Berdikari Logistics Tbk
LAND,Trimitra Propertindo Tbk PT
LION,Lion Metal Works Tbk PT
LIVE,Homeco Victoria Makmur PT Tbk
LMPI,Langgeng Makmur Industri Tbk PT
LMSH,Lionmesh Prima Tbk PT
LPCK,Lippo Cikarang Tbk PT
LPIN,Multi Prima Sejahtera Tbk PT
LPLI,Star Pacific Tbk PT
LPPF,Mds Retailing Tbk
LRNA,Eka Sari Lorena Transport Tbk PT
LSIP,Perusahaan Perkbn Lndn Sumt Indns Tbk PT
LTLS,Lautan Luas Tbk PT
LUCK,Sentral Mitra Informatika Tbk PT
MAHA,Mandiri Herindo Adiperkasa Tbk PT
MAIN,Malindo Feedmill Tbk PT
MAPA,MAP Aktif Adiperkasa Tbk PT
MAPB,Map Boga Adiperkasa Tbk PT
MAPI,Mitra Adiperkasa Tbk PT
MARK,Mark Dynamics Indonesia Tbk PT
MAXI,Maxindo Karya Anugerah Tbk PT
MBAP,Mitrabara Adiperdana Tbk PT
MBMA,Merdeka Battery Materials Tbk PT
MBTO,Martina Berto Tbk PT
MCAS,M Cash Integrasi Tbk PT
MCOL,Prima Andalan Mandiri Tbk PT
MDIA,Intermedia Capital Tbk PT
MDIY,Daya Intiguna Yasa Tbk PT
MDKA,Merdeka Copper Gold Tbk PT
MDKI,Emdeki Utama Tbk PT
MDLA,Medela Potentia Tbk PT
MEDC,Medco Energi Internasional Tbk PT
MEDS,Hetzer Medical Indonesia Tbk PT
MERI,Merry Riana Edukasi Tbk PT
MERK,Merck Tbk PT
META,Nusantara Infrastructure Tbk PT
MFMI,Multifiling Mitra Indonesia Tbk PT
MHKI,Multi Hanna Kreasindo Tbk PT
MICE,Multi Indocitra Tbk PT
MIKA,Mitra Keluarga Karyasehat Tbk PT
MINE,Sinar Terang Mandiri PT Tbk
MIRA,Mitra International Resources Tbk PT
MITI,Mitra Investindo Tbk PT
MKAP,Multikarya Asia Pasifik Raya Tbk PT
MKNT,Mitra Komunikasi Nusantara Tbk PT
MKPI,Metropolitan Kentjana Tbk PT
MKTR,PT Menthobi Karyatama Raya Tbk
MLIA,Mulia Industrindo Tbk PT
MLPL,Multipolar Tbk PT
MLPT,Multipolar Technology Tbk PT
MMIX,Multi Medika Internasional Tbk PT
MMLP,Mega Manunggal Property Tbk PT
MNCN,Media Nusantara Citra Tbk PT
MORA,Mora Telematika Indonesia Tbk PT
MPIX,Pt Mitra Pedagang Indonesia Tbk
MPMX,Mitra Pinasthika Mustika Tbk PT
MPOW,MegaPower Makmur Tbk PT
MPPA,Matahari Putra Prima Tbk PT
MRAT,Mustika Ratu Tbk PT
MSIN,MNC Digital Entertainment Tbk PT
MSJA,Multi Spunindo Jaya Tbk PT
MSKY,MNC SKY Vision Tbk PT
MSTI,PT Mastersystem Infotama Tbk
MTDL,Metrodata Electronics Tbk PT
MTEL,PT Dayamitra Telekomunikasi Tbk
MTLA,Metropolitan Land Tbk PT
MTMH,Murni Sadar Tbk PT
MTPS,Meta Epsi Tbk PT
MTSM,Metro Realty Tbk PT
MUTU,Mutuagung Lestari Tbk PT
MYOH,Samindo Resources Tbk PT
MYOR,Mayora Indah Tbk PT
NAIK,Adiwarna Anugerah Abadi PT Tbk
NASI,Wahana Inti Makmur Tbk PT
NELY,Pelayaran Nelly Dwi Putri Tbk PT
NEST,Pt Esta Indonesia Tbk
NFCX,NFC Indonesia Tbk PT
NICE,Adhi Kartiko Pratama Tbk PT
NICL,PAM Mineral Tbk PT
NIKL,Pelat Timah Nusantara Tbk PT
NRCA,Nusa Raya Cipta Tbk PT
NSSS,PT Nusantara Sawit Sejahtera Tbk
NTBK,Nusatama Berkah Tbk PT
NZIA,Nusantara Almazia Tbk PT
OBAT,Brigit Biofarmaka Teknologi Tbk PT
OBMD,Obm Drilchem Tbk PT
OKAS,Ancora Indonesia Resources Tbk PT
OMED,Jayamas Medica Industri TBK PT
PADA,Personel Alih Daya Tbk PT
PALM,Provident Investasi Bersama Tbk PT
PAMG,Bima Sakti Pertiwi Tbk PT
PANR,Panorama Sentrawisata Tbk PT
PART,Pt Cipta Perdana Lancar Tbk
PBID,Panca Budi Idaman Tbk PT
PCAR,Prima Cakrawala Abadi Tbk PT
PDES,Destinasi Tirta Nusantara Tbk PT
PDPP,PT Primadaya Plastisindo Tbk
PEHA,Phapros Tbk PT
PEVE,Penta Valent Tbk PT
PGAS,Perusahaan Gas Negara Tbk PT
PGLI,Pembangunan Graha Lestari Indah Tbk PT
PGUN,Pradiksi Gunatama Tbk PT
PICO,Pelangi Indah Canindo Tbk PT
PJAA,Pembangunan Jaya Ancol Tbk PT
PJHB,Pelayaran Jaya Hidup Baru Tbk PT
PKPK,Paragon Karya Perkasa Tbk PT
PLIN,Plaza Indonesia Realty Tbk PT
PMJS,Putra Mandiri Jembar Tbk PT
PMUI,Prima Multi Usaha Indonesia Tbk PT
PNBS,Bank Panin Dubai Syariah Tbk PT
PNGO,Pinago Utama TBK PT
POLI,Pollux Hotels Group Tbk PT
POLU,Golden Flower Tbk PT
PORT,Nusantara Pelabuhan Handal Tbk PT
POWR,Cikarang Listrindo Tbk PT
PPRE,PP Presisi Tbk PT
PPRI,Paperocks Indonesia Tbk PT
PRAY,Famon Awal Bros Sedaya Tbk PT
PRDA,Prodia Widyahusada Tbk PT
PRIM,Royal Prima Tbk PT
PSAB,J Resources Asia Pasifik Tbk PT
PSAT,Pancaran Samudera Transport Tbk PT
PSDN,Prasidha Aneka Niaga Tbk PT
PSGO,Palma Serasih Tbk PT
PSKT,Red Planet Indonesia Tbk PT
PSSI,IMC Pelita Logistik Tbk PT
PTBA,Bukit Asam (Persero) Tbk PT
PTIS,Indo Straits Tbk PT
PTMP,Mitra Pack PT Tbk
PTMR,PT Master Print Tbk
PTPP,Pembangunan Perumahan (Persero) Tbk PT
PTPS,Pulau Subur Tbk PT
PTPW,Pratama Widya Tbk PT
PTSN,Sat Nusapersada Tbk PT
PTSP,Pioneerindo Gourmet International Tbk PT
PURA,Putra Rajawali Kencana Tbk
PURI,Puri Global Sukses Tbk PT
PZZA,Sarimelati Kencana Tbk PT
RAAM,Tripar Multivision Plus Tbk PT
RAJA,Rukun Raharja Tbk PT
RALS,Ramayana Lestari Sentosa Tbk PT
RANC,Supra Boga Lestari Tbk PT
RATU,Raharja Energi Cepu Tbk Pt
RBMS,Ristia Bintang Mahkotasejati Tbk PT
REAL,Repower Asia Indonesia Tbk PT
RGAS,Kian Santang Muliatama PT Tbk
RISE,Jaya Sukses Makmur Sentosa Tbk PT
RMKE,RMK Energy PT Tbk
RMKO,PT Royaltama Mulia Kontraktorindo Tbk
ROCK,Rockfields Properti Indonesia Tbk PT
RODA,Pikko Land Development Tbk PT
ROTI,Nippon Indosari Corpindo Tbk PT
RSCH,Charlie Hospital Semarang Tbk PT
RSGK,Kedoya Adyaraya Tbk PT
RUIS,Radiant Utama Interinsco Tbk PT
SAFE,Steady Safe Tbk PT
SAGE,PT Saptausaha Gemilangindah Tbk
SAME,Sarana Meditama Metropolitan Tbk PT
SAMF,Saraswanti Anugerah Makmur PT
SAPX,Satria Antaran Prima Tbk PT
SATU,Kota Satu Properti Tbk PT
SBMA,Surya Biru Murni Acetylene Tbk PT
SCCO,Supreme Cable Manufactrng & Cmmrc Tbk PT
SCNP,Selaras Citra Nusantara Perkasa Tbk PT
SCPI,Organon Pharma Indonesia Tbk PT
SDPC,Millennium Pharmacon Internationl Tbk PT
SEMA,Semacom Integrated Tbk PT
SGER,Sumber Global Energy Tbk PT
SGRO,Prime Agri Resources Tbk PT
SHID,Hotel Sahid Jaya International Tbk PT
SICO,Sigma Energy Compressindo Tbk PT
SIDO,Industri Jamu dn Frms Sd Mncl Tbk PT
SILO,Siloam International Hospitals Tbk PT
SIMP,Salim Ivomas Pratama Tbk PT
SIPD,Sreeya Sewu Indonesia Tbk PT
SKBM,Sekar Bumi Tbk PT
SKLT,Sekar Laut Tbk PT
SKRN,Superkrane Mitra Utama Tbk PT
SLIS,Gaya Abadi Sempurna Tbk PT
SMAR,Sinar Mas Agro Resources and Tech Tbk PT
SMBR,Semen Baturaja Tbk PT
SMCB,Solusi Bangun Indonesia Tbk PT
SMDM,Suryamas Dutamakmur Tbk PT
SMDR,Samudera Indonesia Tbk PT
SMGA,Sumber Mineral Global Abadi Tbk PT
SMGR,Semen Indonesia (Persero) Tbk PT
SMIL,Sarana Mitra Luas Tbk PT
SMKL,Satyamitra Kemas Lestari Tbk PT
SMLE,Sinergi Multi Lestarindo PT Tbk
SMMT,Golden Eagle Energy Tbk PT
SMRA,Summarecon Agung Tbk PT
SMSM,Selamat Sempurna Tbk PT
SNLK,Sunter Lakeside Hotel Tbk PT
SOCI,Soechi Lines Tbk PT
SOHO,Soho Global Health Tbk PT
SOLA,Xolare RCR Energy PT Tbk
SOSS,Shield On Service Tbk PT
SOTS,Satria Mega Kencana Tbk PT
SPMA,Suparma Tbk PT
SPTO,Surya Pertiwi Tbk PT
SRTG,Saratoga Investama Sedaya Tbk PT
SSIA,Surya Semesta Internusa Tbk PT
SSTM,Sunson Textile Manufacturer Tbk PT
STAA,Sumber Tani Agung Resources Tbk PT
STTP,Siantar Top Tbk PT
SULI,SLJ Global Tbk PT
SUNI,Sunindo Pratama PT Tbk
SUPR,Solusi Tunas Pratama Tbk PT
SURI,Maja Agung Latexindo PT Tbk
SWID,Saraswanti Indoland Development Tbk PT
TALF,Tunas Alfin Tbk PT
TAMA,Lancartama Sejati Tbk PT
TAPG,Triputra Agro Persada Tbk PT
TAXI,Express Transindo Utama Tbk PT
TBMS,Tembaga Mulia Semanan Tbk PT
TCID,Mandom Indonesia Tbk PT
TCPI,Transcoal Pacific Tbk PT
TEBE,Dana Brata Luhur Tbk PT
TFAS,Telefast Indonesia Tbk PT
TFCO,Tifico Fiber Indonesia Tbk PT
TGKA,Tigaraksa Satria Tbk PT
TGUK,Platinum Wahab Nusantara Tbk PT
TINS,Timah (Persero) Tbk PT
TIRA,Tira Austenite Tbk PT
TIRT,Tirta Mahakam Resources Tbk PT
TKIM,Pabrik Kertas Tjiwi Kimia Tbk PT
TLDN,Teladan Prima Agro Tbk PT
TLKM,Telkom Indonesia (Persero) Tbk PT
TMAS,PT Temas Tbk
TMPO,Tempo Inti Media Tbk PT
TNCA,Trimuda Nuansa Citra Tbk PT
TOBA,TBS Energi Utama Tbk PT
TOOL,Rohartindo Nusantara Luas Tbk Pt
TOSK,Topindo Solusi Komunika Tbk PT
TOTL,Total Bangun Persada Tbk PT
TOTO,Surya Toto Indonesia Tbk PT
TPIA,Chandra Asri Pacific PT Tbk
TPMA,Trans Power Marine Tbk PT
TRIS,Trisula International Tbk PT
TRJA,Transkon Jaya Tbk PT
TRON,Teknologi Karya Digital Nusa PT Tbk
TRST,Trias Sentosa Tbk PT
TRUK,Guna Timur Raya Tbk PT
TSPC,Tempo Scan Pacific Tbk PT
TYRE,King Tire Indonesia Tbk PT
UANG,Pakuan Tbk PT
UCID,Uni-Charm Indonesia Tbk PT
UFOE,Damai Sejahtera Abadi Tbk PT
ULTJ,Ultrajaya Milk Industry & Trdg Co Tbk PT
UNIC,Unggul Indah Cahaya Tbk PT
UNIQ,Ulima Nitra Tbk PT
UNTR,United Tractors Tbk PT
UNVR,Unilever Indonesia Tbk PT
URBN,Urban Jakarta Propertindo Tbk PT
UVCR,Trimegah Karya Pratama Tbk PT
VAST,Vastland Indonesia PT Tbk
VERN,Verona Indah Pictures Pt Tbk
VICI,Victoria Care Indonesia Tbk PT
VISI,Satu Visi Putra Tbk PT
VKTR,VKTR Teknologi Mobilitas Tbk PT
VOKS,Voksel Electric Tbk PT
WAPO,Wahana Pronatural Tbk PT
WBSA,BSA Logistics Indonesia Tbk PT
WEGE,Wijaya Karya Bangunan Gedung Tbk PT
WEHA,Weha Transportasi Indonesia TBK PT
WIFI,Solusi Sinergi Digital Tbk PT
WINR,Winner Nusantara Jaya Tbk PT
WINS,Wintermar Offshore Marine Tbk PT
WIRG,Wir Asia Tbk PT
WOOD,Integra Indocabinet Tbk PT
WOWS,Ginting Jaya Energi Tbk PT
WTON,Wijaya Karya Beton Tbk PT
YELO,Yelooo Integra Datanet Tbk PT
YPAS,Yanaprima Hastapersada Tbk PT
YUPI,Yupi Indo Jelly Gum Tbk PT
ZONE,Mega Perintis Tbk PT
ZYRX,Zyrexindo Mandiri Buana PT Tbk
AEGS,Anugerah Spareparts Sejahtera PT Tbk
AMMS,Agung Menjangan Mas Tbk PT
BMBL,Lavender Bina Cendikia PT Tbk
CASH,Cashlez Worldwide Indonesia Tbk PT
CHIP,Pelita Teknologi Global PT Tbk
EURO,Estee Gold Feet PT Tbk
FIMP,Fimperkasa Utama Tbk PT
FLMC,Falmaco Nonwoven Industri Tbk PT
GRPM,Graha Prima Mentari Tbk PT
HAJJ,Arsy Buana Travelindo Tbk PT
HBAT,Minahasa Membangun Hebat PT Tbk
IDEA,IDeA Indonesia Akademi Tbk PT
IPAC,ERA Graharealty Tbk PT
ISAP,Isra Presisi Indonesia PT Tbk
KING,Hoffmen Cleanindo PT Tbk
KLIN,Klinko Karya Imaji PT Tbk
LFLO,Imago Mulia Persada Tbk PT
LMAX,Lupromax Pelumas Indonesia Tbk PT
LOPI,Logisticsplus International Tbk PT
MANG,Manggung Polahraya PT Tbk
MEJA,Pt Harta Djaya Karya Tbk
MGLV,Panca Anugrah Wisesa Tbk PT
MSIE,Pt Multisarana Intan Eduka Tbk
NANO,Nanotech Indonesia Global Tbk PT
NAYZ,Hassana Boga Sejahtera PT Tbk
OLIV,Oscar Mitra Sukses Sejahtera Tbk PT
PACK,Abadi Nusantara Hijau Investama Tbk PT
PGJO,Bahtera Bumi Raya PT Tbk
PLAN,Planet Properindo Jaya Tbk PT
PPGL,Prima Globalindo Logistik Tbk PT
RCCC,Utama Radar Cahaya Tbk PT
RELF,Graha Mitra Asia Tbk PT
RUNS,Global Sukses Solusi Tbk PT
SMKM,Sumber Mas Konstruksi Tbk PT
SOFA,Solusi Environment Asia Tbk PT
SPRE,Soraya Berjaya Indonesia Tbk PT
UDNG,Agro Bahari Nusantara Tbk PT
WGSH,Wira Global Solusi Tbk PT
WIDI,PT Widiant Jaya Krenindo Tbk
